year,participants,ccs,post_ccs,top8_ccs,top4_ccs,final_ccs,champ_ccs,champion,champion_ccs,post_total,top8_total,top4_total,final_total,champ_total,ccs_share,champion_signal
1938,15,5,5,3,1,1,1,Italy,1,15,8,4,2,1,0.3333333333333333,是
1950,13,5,3,3,3,1,0,Uruguay,0,4,4,4,2,1,0.38461538461538464,否
1954,16,6,4,4,2,1,0,West Germany,0,8,8,4,2,1,0.375,否
1958,16,5,3,3,2,1,1,Brazil,1,8,8,4,2,1,0.3125,是
1962,16,6,5,5,2,1,1,Brazil,1,8,8,4,2,1,0.375,是
1966,16,7,4,4,3,2,1,England,1,8,8,4,2,1,0.4375,是
1970,16,6,5,5,3,1,1,Brazil,1,8,8,4,2,1,0.375,是
1974,16,5,3,3,2,1,1,West Germany,1,8,8,4,2,1,0.3125,是
1978,16,6,5,5,3,1,0,Argentina,0,8,8,4,2,1,0.375,否
1982,24,2,2,2,1,1,0,Italy,0,12,12,4,2,1,0.08333333333333333,否
1986,24,5,5,3,3,2,1,Argentina,1,16,8,4,2,1,0.20833333333333334,是
1990,24,6,6,4,4,2,1,West Germany,1,16,8,4,2,1,0.25,是
1994,24,8,7,4,2,2,1,Brazil,1,16,8,4,2,1,0.3333333333333333,是
1998,32,11,8,5,2,1,0,France,0,16,8,4,2,1,0.34375,否
2002,32,9,6,3,1,1,1,Brazil,1,16,8,4,2,1,0.28125,是
2006,32,10,6,5,3,2,1,Italy,1,16,8,4,2,1,0.3125,是
2010,32,11,8,4,2,1,1,Spain,1,16,8,4,2,1,0.34375,是
2014,32,9,5,4,3,1,1,Germany,1,16,8,4,2,1,0.28125,是
2018,32,9,8,4,2,1,1,France,1,16,8,4,2,1,0.28125,是
2022,32,11,7,6,3,2,1,Argentina,1,16,8,4,2,1,0.34375,是
